0;0;0
1;0;2
2;0;4
3;0;6
4;0;8
5;1;11
6;1;33
7;1;55
8;1;77
9;1;99
10;0;11
11;0;22
12;0;33
13;0;44
14;0;55
15;0;66
16;0;77
17;0;88
18;0;99
19;1;121
20;0;22
21;0;33
22;0;44
23;0;55
24;0;66
25;0;77
26;0;88
27;0;99
28;1;121
29;0;121
30;0;33
31;0;44
32;0;55
33;0;66
34;0;77
35;0;88
36;0;99
37;1;121
38;0;121
39;1;363
40;0;44
41;0;55
42;0;66
43;0;77
44;0;88
45;0;99
46;1;121
47;0;121
48;1;363
49;1;484
50;0;55
51;0;66
52;0;77
53;0;88
54;0;99
55;1;121
56;0;121
57;1;363
58;1;484
59;2;1111
60;0;66
61;0;77
62;0;88
63;0;99
64;1;121
65;0;121
66;1;363
67;1;484
68;2;1111
69;3;4884
70;0;77
71;0;88
72;0;99
73;1;121
74;0;121
75;1;363
76;1;484
77;2;1111
78;3;4884
79;5;44044
80;0;88
81;0;99
82;1;121
83;0;121
84;1;363
85;1;484
86;2;1111
87;3;4884
88;5;44044
89;23;8813200023188
90;0;99
91;1;121
92;0;121
93;1;363
94;1;484
95;2;1111
96;3;4884
97;5;44044
98;23;8813200023188
99;5;79497
100;0;101
101;0;202
102;0;303
103;0;404
104;0;505
105;0;606
106;0;707
107;0;808
108;0;909
109;1;1111
110;0;121
111;0;222
112;0;323
113;0;424
114;0;525
115;0;626
116;0;727
117;0;828
118;0;929
119;1;1331
120;0;141
121;0;242
122;0;343
123;0;444
124;0;545
125;0;646
126;0;747
127;0;848
128;0;949
129;1;1551
130;0;161
131;0;262
132;0;363
133;0;464
134;0;565
135;0;666
136;0;767
137;0;868
138;0;969
139;1;1771
140;0;181
141;0;282
142;0;383
143;0;484
144;0;585
145;0;686
146;0;787
147;0;888
148;0;989
149;1;1991
150;1;303
151;1;505
152;1;707
153;1;909
154;1;1111
155;2;4444
156;2;6666
157;2;8888
158;2;11011
159;1;1221
160;1;343
161;1;545
162;1;747
163;1;949
164;2;2662
165;2;4884
166;4;45254
167;10;88555588
168;2;13431
169;1;1441
170;1;383
171;1;585
172;1;787
173;1;989
174;3;5115
175;3;9559
176;4;44044
177;14;8836886388
178;2;15851
179;1;1661
180;2;747
181;3;2662
182;5;45254
183;3;13431
184;2;2552
185;2;4774
186;2;6996
187;22;8813200023188
188;6;233332
189;1;1881
190;6;45254
191;3;2552
192;3;6996
193;7;233332
194;2;2992
195;3;9339
196;>10000k	?
197;6;881188
198;4;79497
199;2;3113
200;0;202
201;0;303
202;0;404
203;0;505
204;0;606
205;0;707
206;0;808
207;0;909
208;1;1111
209;0;1111
210;0;222
211;0;323
212;0;424
213;0;525
214;0;626
215;0;727
216;0;828
217;0;929
218;1;1331
219;1;2442
220;0;242
221;0;343
222;0;444
223;0;545
224;0;646
225;0;747
226;0;848
227;0;949
228;1;1551
229;1;2662
230;0;262
231;0;363
232;0;464
233;0;565
234;0;666
235;0;767
236;0;868
237;0;969
238;1;1771
239;1;2882
240;0;282
241;0;383
242;0;484
243;0;585
244;0;686
245;0;787
246;0;888
247;0;989
248;1;1991
249;2;5115
250;1;505
251;1;707
252;1;909
253;1;1111
254;2;4444
255;2;6666
256;2;8888
257;2;11011
258;1;1221
259;1;2332
260;1;545
261;1;747
262;1;949
263;2;2662
264;2;4884
265;4;45254
266;10;88555588
267;2;13431
268;1;1441
269;1;2552
270;1;585
271;1;787
272;1;989
273;3;5115
274;3;9559
275;4;44044
276;14;8836886388
277;2;15851
278;1;1661
279;1;2772
280;3;2662
281;5;45254
282;3;13431
283;2;2552
284;2;4774
285;2;6996
286;22;8813200023188
287;6;233332
288;1;1881
289;1;2992
290;3;2552
291;3;6996
292;7;233332
293;2;2992
294;3;9339
295;>10000k	?
296;6;881188
297;4;79497
298;2;3113
299;2;5335
300;0;303
301;0;404
302;0;505
303;0;606
304;0;707
305;0;808
306;0;909
307;1;1111
308;0;1111
309;1;3333
310;0;323
311;0;424
312;0;525
313;0;626
314;0;727
315;0;828
316;0;929
317;1;1331
318;1;2442
319;1;3553
320;0;343
321;0;444
322;0;545
323;0;646
324;0;747
325;0;848
326;0;949
327;1;1551
328;1;2662
329;1;3773
330;0;363
331;0;464
332;0;565
333;0;666
334;0;767
335;0;868
336;0;969
337;1;1771
338;1;2882
339;1;3993
340;0;383
341;0;484
342;0;585
343;0;686
344;0;787
345;0;888
346;0;989
347;1;1991
348;2;5115
349;2;7337
350;1;707
351;1;909
352;1;1111
353;2;4444
354;2;6666
355;2;8888
356;2;11011
357;1;1221
358;1;2332
359;1;3443
360;1;747
361;1;949
362;2;2662
363;2;4884
364;4;45254
365;10;88555588
366;2;13431
367;1;1441
368;1;2552
369;1;3663
370;1;787
371;1;989
372;3;5115
373;3;9559
374;4;44044
375;14;8836886388
376;2;15851
377;1;1661
378;1;2772
379;1;3883
380;5;45254
381;3;13431
382;2;2552
383;2;4774
384;2;6996
385;22;8813200023188
386;6;233332
387;1;1881
388;1;2992
389;2;7117
390;3;6996
391;7;233332
392;2;2992
393;3;9339
394;>10000k	?
395;6;881188
396;4;79497
397;2;3113
398;2;5335
399;2;7557
400;0;404
401;0;505
402;0;606
403;0;707
404;0;808
405;0;909
406;1;1111
407;0;1111
408;1;3333
409;1;4444
410;0;424
411;0;525
412;0;626
413;0;727
414;0;828
415;0;929
416;1;1331
417;1;2442
418;1;3553
419;1;4664
420;0;444
421;0;545
422;0;646
423;0;747
424;0;848
425;0;949
426;1;1551
427;1;2662
428;1;3773
429;1;4884
430;0;464
431;0;565
432;0;666
433;0;767
434;0;868
435;0;969
436;1;1771
437;1;2882
438;1;3993
439;2;9119
440;0;484
441;0;585
442;0;686
443;0;787
444;0;888
445;0;989
446;1;1991
447;2;5115
448;2;7337
449;2;9559
450;1;909
451;1;1111
452;2;4444
453;2;6666
454;2;8888
455;2;11011
456;1;1221
457;1;2332
458;1;3443
459;1;4554
460;1;949
461;2;2662
462;2;4884
463;4;45254
464;10;88555588
465;2;13431
466;1;1441
467;1;2552
468;1;3663
469;1;4774
470;1;989
471;3;5115
472;3;9559
473;4;44044
474;14;8836886388
475;2;15851
476;1;1661
477;1;2772
478;1;3883
479;1;4994
480;3;13431
481;2;2552
482;2;4774
483;2;6996
484;22;8813200023188
485;6;233332
486;1;1881
487;1;2992
488;2;7117
489;2;9339
490;7;233332
491;2;2992
492;3;9339
493;>10000k	?
494;6;881188
495;4;79497
496;2;3113
497;2;5335
498;2;7557
499;2;9779
500;0;505
501;0;606
502;0;707
503;0;808
504;0;909
505;1;1111
506;0;1111
507;1;3333
508;1;4444
509;1;5555
510;0;525
511;0;626
512;0;727
513;0;828
514;0;929
515;1;1331
516;1;2442
517;1;3553
518;1;4664
519;1;5775
520;0;545
521;0;646
522;0;747
523;0;848
524;0;949
525;1;1551
526;1;2662
527;1;3773
528;1;4884
529;1;5995
530;0;565
531;0;666
532;0;767
533;0;868
534;0;969
535;1;1771
536;1;2882
537;1;3993
538;2;9119
539;3;25652
540;0;585
541;0;686
542;0;787
543;0;888
544;0;989
545;1;1991
546;2;5115
547;2;7337
548;2;9559
549;4;59895
550;1;1111
551;2;4444
552;2;6666
553;2;8888
554;2;11011
555;1;1221
556;1;2332
557;1;3443
558;1;4554
559;1;5665
560;2;2662
561;2;4884
562;4;45254
563;10;88555588
564;2;13431
565;1;1441
566;1;2552
567;1;3663
568;1;4774
569;1;5885
570;3;5115
571;3;9559
572;4;44044
573;14;8836886388
574;2;15851
575;1;1661
576;1;2772
577;1;3883
578;1;4994
579;3;23232
580;2;2552
581;2;4774
582;2;6996
583;22;8813200023188
584;6;233332
585;1;1881
586;1;2992
587;2;7117
588;2;9339
589;7;1136311
590;2;2992
591;3;9339
592;>10000k	?
593;6;881188
594;4;79497
595;2;3113
596;2;5335
597;2;7557
598;2;9779
599;3;22022
600;0;606
601;0;707
602;0;808
603;0;909
604;1;1111
605;0;1111
606;1;3333
607;1;4444
608;1;5555
609;1;6666
610;0;626
611;0;727
612;0;828
613;0;929
614;1;1331
615;1;2442
616;1;3553
617;1;4664
618;1;5775
619;1;6886
620;0;646
621;0;747
622;0;848
623;0;949
624;1;1551
625;1;2662
626;1;3773
627;1;4884
628;1;5995
629;3;45254
630;0;666
631;0;767
632;0;868
633;0;969
634;1;1771
635;1;2882
636;1;3993
637;2;9119
638;3;25652
639;4;99099
640;0;686
641;0;787
642;0;888
643;0;989
644;1;1991
645;2;5115
646;2;7337
647;2;9559
648;4;59895
649;3;44044
650;2;4444
651;2;6666
652;2;8888
653;2;11011
654;1;1221
655;1;2332
656;1;3443
657;1;4554
658;1;5665
659;1;6776
660;2;4884
661;4;45254
662;10;88555588
663;2;13431
664;1;1441
665;1;2552
666;1;3663
667;1;4774
668;1;5885
669;1;6996
670;3;9559
671;4;44044
672;14;8836886388
673;2;15851
674;1;1661
675;1;2772
676;1;3883
677;1;4994
678;3;23232
679;3;47674
680;2;4774
681;2;6996
682;22;8813200023188
683;6;233332
684;1;1881
685;1;2992
686;2;7117
687;2;9339
688;7;1136311
689;>10000k	?
690;3;9339
691;>10000k	?
692;6;881188
693;4;79497
694;2;3113
695;2;5335
696;2;7557
697;2;9779
698;3;22022
699;3;46464
700;0;707
701;0;808
702;0;909
703;1;1111
704;0;1111
705;1;3333
706;1;4444
707;1;5555
708;1;6666
709;1;7777
710;0;727
711;0;828
712;0;929
713;1;1331
714;1;2442
715;1;3553
716;1;4664
717;1;5775
718;1;6886
719;1;7997
720;0;747
721;0;848
722;0;949
723;1;1551
724;1;2662
725;1;3773
726;1;4884
727;1;5995
728;3;45254
729;3;69696
730;0;767
731;0;868
732;0;969
733;1;1771
734;1;2882
735;1;3993
736;2;9119
737;3;25652
738;4;99099
739;16;5233333325
740;0;787
741;0;888
742;0;989
743;1;1991
744;2;5115
745;2;7337
746;2;9559
747;4;59895
748;3;44044
749;3;68486
750;2;6666
751;2;8888
752;2;11011
753;1;1221
754;1;2332
755;1;3443
756;1;4554
757;1;5665
758;1;6776
759;1;7887
760;4;45254
761;10;88555588
762;2;13431
763;1;1441
764;1;2552
765;1;3663
766;1;4774
767;1;5885
768;1;6996
769;3;67276
770;4;44044
771;14;8836886388
772;2;15851
773;1;1661
774;1;2772
775;1;3883
776;1;4994
777;3;23232
778;3;47674
779;5;475574
780;2;6996
781;22;8813200023188
782;6;233332
783;1;1881
784;1;2992
785;2;7117
786;2;9339
787;7;1136311
788;>10000k	?
789;3;66066
790;>10000k	?
791;6;881188
792;4;79497
793;2;3113
794;2;5335
795;2;7557
796;2;9779
797;3;22022
798;3;46464
799;5;449944
800;0;808
801;0;909
802;1;1111
803;0;1111
804;1;3333
805;1;4444
806;1;5555
807;1;6666
808;1;7777
809;1;8888
810;0;828
811;0;929
812;1;1331
813;1;2442
814;1;3553
815;1;4664
816;1;5775
817;1;6886
818;1;7997
819;3;89298
820;0;848
821;0;949
822;1;1551
823;1;2662
824;1;3773
825;1;4884
826;1;5995
827;3;45254
828;3;69696
829;9;88555588
830;0;868
831;0;969
832;1;1771
833;1;2882
834;1;3993
835;2;9119
836;3;25652
837;4;99099
838;16;5233333325
839;3;88088
840;0;888
841;0;989
842;1;1991
843;2;5115
844;2;7337
845;2;9559
846;4;59895
847;3;44044
848;3;68486
849;13;8836886388
850;2;8888
851;2;11011
852;1;1221
853;1;2332
854;1;3443
855;1;4554
856;1;5665
857;1;6776
858;1;7887
859;1;8998
860;10;88555588
861;2;13431
862;1;1441
863;1;2552
864;1;3663
865;1;4774
866;1;5885
867;1;6996
868;3;67276
869;21;8813200023188
870;14;8836886388
871;2;15851
872;1;1661
873;1;2772
874;1;3883
875;1;4994
876;3;23232
877;3;47674
878;5;475574
879;>10000k	?
880;22;8813200023188
881;6;233332
882;1;1881
883;1;2992
884;2;7117
885;2;9339
886;7;1136311
887;>10000k	?
888;3;66066
889;5;881188
890;6;881188
891;4;79497
892;2;3113
893;2;5335
894;2;7557
895;2;9779
896;3;22022
897;3;46464
898;5;449944
899;16;133697796331
900;0;909
901;1;1111
902;0;1111
903;1;3333
904;1;4444
905;1;5555
906;1;6666
907;1;7777
908;1;8888
909;1;9999
910;0;929
911;1;1331
912;1;2442
913;1;3553
914;1;4664
915;1;5775
916;1;6886
917;1;7997
918;3;89298
919;3;125521
920;0;949
921;1;1551
922;1;2662
923;1;3773
924;1;4884
925;1;5995
926;3;45254
927;3;69696
928;9;88555588
929;4;293392
930;0;969
931;1;1771
932;1;2882
933;1;3993
934;2;9119
935;3;25652
936;4;99099
937;16;5233333325
938;3;88088
939;3;168861
940;0;989
941;1;1991
942;2;5115
943;2;7337
944;2;9559
945;4;59895
946;3;44044
947;3;68486
948;13;8836886388
949;7;2322232
950;2;11011
951;1;1221
952;1;2332
953;1;3443
954;1;4554
955;1;5665
956;1;6776
957;1;7887
958;1;8998
959;3;112211
960;2;13431
961;1;1441
962;1;2552
963;1;3663
964;1;4774
965;1;5885
966;1;6996
967;3;67276
968;21;8813200023188
969;3;138831
970;2;15851
971;1;1661
972;1;2772
973;1;3883
974;1;4994
975;3;23232
976;3;47674
977;5;475574
978;>10000k	?
979;3;155551
980;6;233332
981;1;1881
982;1;2992
983;2;7117
984;2;9339
985;7;1136311
986;>10000k	?
987;3;66066
988;5;881188
989;18;89540004598
990;4;79497
991;2;3113
992;2;5335
993;2;7557
994;2;9779
995;3;22022
996;3;46464
997;5;449944
998;16;133697796331
999;15;8939779398
1000;0;1001
1001;0;2002
1002;0;3003
1003;0;4004
1004;0;5005
1005;0;6006
1006;0;7007
1007;0;8008
1008;0;9009
1009;1;11011
1010;0;1111
1011;0;2112
1012;0;3113
1013;0;4114
1014;0;5115
1015;0;6116
1016;0;7117
1017;0;8118
1018;0;9119
1019;1;12221
1020;0;1221
1021;0;2222
1022;0;3223
1023;0;4224
1024;0;5225
1025;0;6226
1026;0;7227
1027;0;8228
1028;0;9229
1029;1;13431
1030;0;1331
1031;0;2332
1032;0;3333
1033;0;4334
1034;0;5335
1035;0;6336
1036;0;7337
1037;0;8338
1038;0;9339
1039;1;14641
1040;0;1441
1041;0;2442
1042;0;3443
1043;0;4444
1044;0;5445
1045;0;6446
1046;0;7447
1047;0;8448
1048;0;9449
1049;1;15851
1050;0;1551
1051;0;2552
1052;0;3553
1053;0;4554
1054;0;5555
1055;0;6556
1056;0;7557
1057;0;8558
1058;0;9559
1059;3;56265
1060;0;1661
1061;0;2662
1062;0;3663
1063;0;4664
1064;0;5665
1065;0;6666
1066;0;7667
1067;0;8668
1068;0;9669
1069;5;233332
1070;0;1771
1071;0;2772
1072;0;3773
1073;0;4774
1074;0;5775
1075;0;6776
1076;0;7777
1077;0;8778
1078;0;9779
1079;5;229922
1080;0;1881
1081;0;2882
1082;0;3883
1083;0;4884
1084;0;5885
1085;0;6886
1086;0;7887
1087;0;8888
1088;0;9889
1089;3;79497
1090;0;1991
1091;0;2992
1092;0;3993
1093;0;4994
1094;0;5995
1095;0;6996
1096;0;7997
1097;0;8998
1098;0;9999
1099;1;11011
1100;0;1111
1101;0;2112
1102;0;3113
1103;0;4114
1104;0;5115
1105;0;6116
1106;0;7117
1107;0;8118
1108;0;9119
1109;1;12221
1110;0;1221
1111;0;2222
1112;0;3223
1113;0;4224
1114;0;5225
1115;0;6226
1116;0;7227
1117;0;8228
1118;0;9229
1119;1;13431
1120;0;1331
1121;0;2332
1122;0;3333
1123;0;4334
1124;0;5335
1125;0;6336
1126;0;7337
1127;0;8338
1128;0;9339
1129;1;14641
1130;0;1441
1131;0;2442
1132;0;3443
1133;0;4444
1134;0;5445
1135;0;6446
1136;0;7447
1137;0;8448
1138;0;9449
1139;1;15851
1140;0;1551
1141;0;2552
1142;0;3553
1143;0;4554
1144;0;5555
1145;0;6556
1146;0;7557
1147;0;8558
1148;0;9559
1149;3;56265
1150;0;1661
1151;0;2662
1152;0;3663
1153;0;4664
1154;0;5665
1155;0;6666
1156;0;7667
1157;0;8668
1158;0;9669
1159;5;233332
1160;0;1771
1161;0;2772
1162;0;3773
1163;0;4774
1164;0;5775
1165;0;6776
1166;0;7777
1167;0;8778
1168;0;9779
1169;5;229922
1170;0;1881
1171;0;2882
1172;0;3883
1173;0;4884
1174;0;5885
1175;0;6886
1176;0;7887
1177;0;8888
1178;0;9889
1179;3;79497
1180;0;1991
1181;0;2992
1182;0;3993
1183;0;4994
1184;0;5995
1185;0;6996
1186;0;7997
1187;0;8998
1188;0;9999
1189;1;11011
1190;1;3113
1191;1;5115
1192;1;7117
1193;1;9119
1194;2;23232
1195;2;45254
1196;2;67276
1197;2;89298
1198;2;112211
1199;1;12221
1200;0;1221
1201;0;2222
1202;0;3223
1203;0;4224
1204;0;5225
1205;0;6226
1206;0;7227
1207;0;8228
1208;0;9229
1209;1;13431
1210;0;1331
1211;0;2332
1212;0;3333
1213;0;4334
1214;0;5335
1215;0;6336
1216;0;7337
1217;0;8338
1218;0;9339
1219;1;14641
1220;0;1441
1221;0;2442
1222;0;3443
1223;0;4444
1224;0;5445
1225;0;6446
1226;0;7447
1227;0;8448
1228;0;9449
1229;1;15851
1230;0;1551
1231;0;2552
1232;0;3553
1233;0;4554
1234;0;5555
1235;0;6556
1236;0;7557
1237;0;8558
1238;0;9559
1239;3;56265
1240;0;1661
1241;0;2662
1242;0;3663
1243;0;4664
1244;0;5665
1245;0;6666
1246;0;7667
1247;0;8668
1248;0;9669
1249;5;233332
1250;0;1771
1251;0;2772
1252;0;3773
1253;0;4774
1254;0;5775
1255;0;6776
1256;0;7777
1257;0;8778
1258;0;9779
1259;5;229922
1260;0;1881
1261;0;2882
1262;0;3883
1263;0;4884
1264;0;5885
1265;0;6886
1266;0;7887
1267;0;8888
1268;0;9889
1269;3;79497
1270;0;1991
1271;0;2992
1272;0;3993
1273;0;4994
1274;0;5995
1275;0;6996
1276;0;7997
1277;0;8998
1278;0;9999
1279;1;11011
1280;1;3113
1281;1;5115
1282;1;7117
1283;1;9119
1284;2;23232
1285;2;45254
1286;2;67276
1287;2;89298
1288;2;112211
1289;1;12221
1290;1;3333
1291;1;5335
1292;1;7337
1293;1;9339
1294;2;25652
1295;2;47674
1296;2;69696
1297;20;8813200023188
1298;2;125521
1299;1;13431
1300;0;1331
1301;0;2332
1302;0;3333
1303;0;4334
1304;0;5335
1305;0;6336
1306;0;7337
1307;0;8338
1308;0;9339
1309;1;14641
1310;0;1441
1311;0;2442
1312;0;3443
1313;0;4444
1314;0;5445
1315;0;6446
1316;0;7447
1317;0;8448
1318;0;9449
1319;1;15851
1320;0;1551
1321;0;2552
1322;0;3553
1323;0;4554
1324;0;5555
1325;0;6556
1326;0;7557
1327;0;8558
1328;0;9559
1329;3;56265
1330;0;1661
1331;0;2662
1332;0;3663
1333;0;4664
1334;0;5665
1335;0;6666
1336;0;7667
1337;0;8668
1338;0;9669
1339;5;233332
1340;0;1771
1341;0;2772
1342;0;3773
1343;0;4774
1344;0;5775
1345;0;6776
1346;0;7777
1347;0;8778
1348;0;9779
1349;5;229922
1350;0;1881
1351;0;2882
1352;0;3883
1353;0;4884
1354;0;5885
1355;0;6886
1356;0;7887
1357;0;8888
1358;0;9889
1359;3;79497
1360;0;1991
1361;0;2992
1362;0;3993
1363;0;4994
1364;0;5995
1365;0;6996
1366;0;7997
1367;0;8998
1368;0;9999
1369;1;11011
1370;1;3113
1371;1;5115
1372;1;7117
1373;1;9119
1374;2;23232
1375;2;45254
1376;2;67276
1377;2;89298
1378;2;112211
1379;1;12221
1380;1;3333
1381;1;5335
1382;1;7337
1383;1;9339
1384;2;25652
1385;2;47674
1386;2;69696
1387;20;8813200023188
1388;2;125521
1389;1;13431
1390;1;3553
1391;1;5555
1392;1;7557
1393;1;9559
1394;6;1136311
1395;3;99099
1396;4;475574
1397;8;88555588
1398;2;138831
1399;1;14641
1400;0;1441
1401;0;2442
1402;0;3443
1403;0;4444
1404;0;5445
1405;0;6446
1406;0;7447
1407;0;8448
1408;0;9449
1409;1;15851
1410;0;1551
1411;0;2552
1412;0;3553
1413;0;4554
1414;0;5555
1415;0;6556
1416;0;7557
1417;0;8558
1418;0;9559
1419;3;56265
1420;0;1661
1421;0;2662
1422;0;3663
1423;0;4664
1424;0;5665
1425;0;6666
1426;0;7667
1427;0;8668
1428;0;9669
1429;5;233332
1430;0;1771
1431;0;2772
1432;0;3773
1433;0;4774
1434;0;5775
1435;0;6776
1436;0;7777
1437;0;8778
1438;0;9779
1439;5;229922
1440;0;1881
1441;0;2882
1442;0;3883
1443;0;4884
1444;0;5885
1445;0;6886
1446;0;7887
1447;0;8888
1448;0;9889
1449;3;79497
1450;0;1991
1451;0;2992
1452;0;3993
1453;0;4994
1454;0;5995
1455;0;6996
1456;0;7997
1457;0;8998
1458;0;9999
1459;1;11011
1460;1;3113
1461;1;5115
1462;1;7117
1463;1;9119
1464;2;23232
1465;2;45254
1466;2;67276
1467;2;89298
1468;2;112211
1469;1;12221
1470;1;3333
1471;1;5335
1472;1;7337
1473;1;9339
1474;2;25652
1475;2;47674
1476;2;69696
1477;20;8813200023188
1478;2;125521
1479;1;13431
1480;1;3553
1481;1;5555
1482;1;7557
1483;1;9559
1484;6;1136311
1485;3;99099
1486;4;475574
1487;8;88555588
1488;2;138831
1489;1;14641
1490;1;3773
1491;1;5775
1492;1;7777
1493;1;9779
1494;3;59895
1495;>10000k	?
1496;15;5233333325
1497;>10000k	?
1498;3;293392
1499;1;15851
1500;0;1551
1501;0;2552
1502;0;3553
1503;0;4554
1504;0;5555
1505;0;6556
1506;0;7557
1507;0;8558
1508;0;9559
1509;3;56265
1510;0;1661
1511;0;2662
1512;0;3663
1513;0;4664
1514;0;5665
1515;0;6666
1516;0;7667
1517;0;8668
1518;0;9669
1519;5;233332
1520;0;1771
1521;0;2772
1522;0;3773
1523;0;4774
1524;0;5775
1525;0;6776
1526;0;7777
1527;0;8778
1528;0;9779
1529;5;229922
1530;0;1881
1531;0;2882
1532;0;3883
1533;0;4884
1534;0;5885
1535;0;6886
1536;0;7887
1537;0;8888
1538;0;9889
1539;3;79497
1540;0;1991
1541;0;2992
1542;0;3993
1543;0;4994
1544;0;5995
1545;0;6996
1546;0;7997
1547;0;8998
1548;0;9999
1549;1;11011
1550;1;3113
1551;1;5115
1552;1;7117
1553;1;9119
1554;2;23232
1555;2;45254
1556;2;67276
1557;2;89298
1558;2;112211
1559;1;12221
1560;1;3333
1561;1;5335
1562;1;7337
1563;1;9339
1564;2;25652
1565;2;47674
1566;2;69696
1567;20;8813200023188
1568;2;125521
1569;1;13431
1570;1;3553
1571;1;5555
1572;1;7557
1573;1;9559
1574;6;1136311
1575;3;99099
1576;4;475574
1577;8;88555588
1578;2;138831
1579;1;14641
1580;1;3773
1581;1;5775
1582;1;7777
1583;1;9779
1584;3;59895
1585;>10000k	?
1586;15;5233333325
1587;>10000k	?
1588;3;293392
1589;1;15851
1590;1;3993
1591;1;5995
1592;1;7997
1593;1;9999
1594;2;22022
1595;2;44044
1596;2;66066
1597;2;88088
1598;2;155551
1599;3;56265
1600;0;1661
1601;0;2662
1602;0;3663
1603;0;4664
1604;0;5665
1605;0;6666
1606;0;7667
1607;0;8668
1608;0;9669
1609;5;233332
1610;0;1771
1611;0;2772
1612;0;3773
1613;0;4774
1614;0;5775
1615;0;6776
1616;0;7777
1617;0;8778
1618;0;9779
1619;5;229922
1620;0;1881
1621;0;2882
1622;0;3883
1623;0;4884
1624;0;5885
1625;0;6886
1626;0;7887
1627;0;8888
1628;0;9889
1629;3;79497
1630;0;1991
1631;0;2992
1632;0;3993
1633;0;4994
1634;0;5995
1635;0;6996
1636;0;7997
1637;0;8998
1638;0;9999
1639;1;11011
1640;1;3113
1641;1;5115
1642;1;7117
1643;1;9119
1644;2;23232
1645;2;45254
1646;2;67276
1647;2;89298
1648;2;112211
1649;1;12221
1650;1;3333
1651;1;5335
1652;1;7337
1653;1;9339
1654;2;25652
1655;2;47674
1656;2;69696
1657;20;8813200023188
1658;2;125521
1659;1;13431
1660;1;3553
1661;1;5555
1662;1;7557
1663;1;9559
1664;6;1136311
1665;3;99099
1666;4;475574
1667;8;88555588
1668;2;138831
1669;1;14641
1670;1;3773
1671;1;5775
1672;1;7777
1673;1;9779
1674;3;59895
1675;>10000k	?
1676;15;5233333325
1677;>10000k	?
1678;3;293392
1679;1;15851
1680;1;3993
1681;1;5995
1682;1;7997
1683;1;9999
1684;2;22022
1685;2;44044
1686;2;66066
1687;2;88088
1688;2;155551
1689;3;56265
1690;2;7337
1691;3;25652
1692;3;69696
1693;3;125521
1694;1;12221
1695;2;46464
1696;2;68486
1697;4;881188
1698;2;168861
1699;5;233332
1700;0;1771
1701;0;2772
1702;0;3773
1703;0;4774
1704;0;5775
1705;0;6776
1706;0;7777
1707;0;8778
1708;0;9779
1709;5;229922
1710;0;1881
1711;0;2882
1712;0;3883
1713;0;4884
1714;0;5885
1715;0;6886
1716;0;7887
1717;0;8888
1718;0;9889
1719;3;79497
1720;0;1991
1721;0;2992
1722;0;3993
1723;0;4994
1724;0;5995
1725;0;6996
1726;0;7997
1727;0;8998
1728;0;9999
1729;1;11011
1730;1;3113
1731;1;5115
1732;1;7117
1733;1;9119
1734;2;23232
1735;2;45254
1736;2;67276
1737;2;89298
1738;2;112211
1739;1;12221
1740;1;3333
1741;1;5335
1742;1;7337
1743;1;9339
1744;2;25652
1745;2;47674
1746;2;69696
1747;20;8813200023188
1748;2;125521
1749;1;13431
1750;1;3553
1751;1;5555
1752;1;7557
1753;1;9559
1754;6;1136311
1755;3;99099
1756;4;475574
1757;8;88555588
1758;2;138831
1759;1;14641
1760;1;3773
1761;1;5775
1762;1;7777
1763;1;9779
1764;3;59895
1765;>10000k	?
1766;15;5233333325
1767;>10000k	?
1768;3;293392
1769;1;15851
1770;1;3993
1771;1;5995
1772;1;7997
1773;1;9999
1774;2;22022
1775;2;44044
1776;2;66066
1777;2;88088
1778;2;155551
1779;3;56265
1780;2;7337
1781;3;25652
1782;3;69696
1783;3;125521
1784;1;12221
1785;2;46464
1786;2;68486
1787;4;881188
1788;2;168861
1789;5;233332
1790;2;7777
1791;4;59895
1792;16;5233333325
1793;4;293392
1794;2;26862
1795;2;48884
1796;4;449944
1797;12;8836886388
1798;17;89540004598
1799;5;229922
1800;0;1881
1801;0;2882
1802;0;3883
1803;0;4884
1804;0;5885
1805;0;6886
1806;0;7887
1807;0;8888
1808;0;9889
1809;3;79497
1810;0;1991
1811;0;2992
1812;0;3993
1813;0;4994
1814;0;5995
1815;0;6996
1816;0;7997
1817;0;8998
1818;0;9999
1819;1;11011
1820;1;3113
1821;1;5115
1822;1;7117
1823;1;9119
1824;2;23232
1825;2;45254
1826;2;67276
1827;2;89298
1828;2;112211
1829;1;12221
1830;1;3333
1831;1;5335
1832;1;7337
1833;1;9339
1834;2;25652
1835;2;47674
1836;2;69696
1837;20;8813200023188
1838;2;125521
1839;1;13431
1840;1;3553
1841;1;5555
1842;1;7557
1843;1;9559
1844;6;1136311
1845;3;99099
1846;4;475574
1847;8;88555588
1848;2;138831
1849;1;14641
1850;1;3773
1851;1;5775
1852;1;7777
1853;1;9779
1854;3;59895
1855;>10000k	?
1856;15;5233333325
1857;>10000k	?
1858;3;293392
1859;1;15851
1860;1;3993
1861;1;5995
1862;1;7997
1863;1;9999
1864;2;22022
1865;2;44044
1866;2;66066
1867;2;88088
1868;2;155551
1869;3;56265
1870;2;7337
1871;3;25652
1872;3;69696
1873;3;125521
1874;1;12221
1875;2;46464
1876;2;68486
1877;4;881188
1878;2;168861
1879;5;233332
1880;2;7777
1881;4;59895
1882;16;5233333325
1883;4;293392
1884;2;26862
1885;2;48884
1886;4;449944
1887;12;8836886388
1888;17;89540004598
1889;5;229922
1890;4;69696
1891;2;12221
1892;3;68486
1893;3;168861
1894;12;52788725
1895;3;91619
1896;5;993399
1897;15;133697796331
1898;6;2322232
1899;3;79497
1900;0;1991
1901;0;2992
1902;0;3993
1903;0;4994
1904;0;5995
1905;0;6996
1906;0;7997
1907;0;8998
1908;0;9999
1909;1;11011
1910;1;3113
1911;1;5115
1912;1;7117
1913;1;9119
1914;2;23232
1915;2;45254
1916;2;67276
1917;2;89298
1918;2;112211
1919;1;12221
1920;1;3333
1921;1;5335
1922;1;7337
1923;1;9339
1924;2;25652
1925;2;47674
1926;2;69696
1927;20;8813200023188
1928;2;125521
1929;1;13431
1930;1;3553
1931;1;5555
1932;1;7557
1933;1;9559
1934;6;1136311
1935;3;99099
1936;4;475574
1937;8;88555588
1938;2;138831
1939;1;14641
1940;1;3773
1941;1;5775
1942;1;7777
1943;1;9779
1944;3;59895
1945;>10000k	?
1946;15;5233333325
1947;>10000k	?
1948;3;293392
1949;1;15851
1950;1;3993
1951;1;5995
1952;1;7997
1953;1;9999
1954;2;22022
1955;2;44044
1956;2;66066
1957;2;88088
1958;2;155551
1959;3;56265
1960;2;7337
1961;3;25652
1962;3;69696
1963;3;125521
1964;1;12221
1965;2;46464
1966;2;68486
1967;4;881188
1968;2;168861
1969;5;233332
1970;2;7777
1971;4;59895
1972;16;5233333325
1973;4;293392
1974;2;26862
1975;2;48884
1976;4;449944
1977;12;8836886388
1978;17;89540004598
1979;5;229922
1980;4;69696
1981;2;12221
1982;3;68486
1983;3;168861
1984;12;52788725
1985;3;91619
1986;5;993399
1987;15;133697796331
1988;6;2322232
1989;3;79497
1990;4;68486
1991;13;52788725
1992;6;993399
1993;7;2322232
1994;6;293392
1995;7;12455421
1996;4;445544
1997;>10000k	?
1998;14;8939779398
1999;6;712217
2000;0;2002
2001;0;3003
2002;0;4004
2003;0;5005
2004;0;6006
2005;0;7007
2006;0;8008
2007;0;9009
2008;1;11011
2009;0;11011
2010;0;2112
2011;0;3113
2012;0;4114
2013;0;5115
2014;0;6116
2015;0;7117
2016;0;8118
2017;0;9119
2018;1;12221
2019;1;23232
2020;0;2222
2021;0;3223
2022;0;4224
2023;0;5225
2024;0;6226
2025;0;7227
2026;0;8228
2027;0;9229
2028;1;13431
2029;1;24442
2030;0;2332
2031;0;3333
2032;0;4334
2033;0;5335
2034;0;6336
2035;0;7337
2036;0;8338
2037;0;9339
2038;1;14641
2039;1;25652
2040;0;2442
2041;0;3443
2042;0;4444
2043;0;5445
2044;0;6446
2045;0;7447
2046;0;8448
2047;0;9449
2048;1;15851
2049;1;26862
2050;0;2552
2051;0;3553
2052;0;4554
2053;0;5555
2054;0;6556
2055;0;7557
2056;0;8558
2057;0;9559
2058;3;56265
2059;5;1136311
2060;0;2662
2061;0;3663
2062;0;4664
2063;0;5665
2064;0;6666
2065;0;7667
2066;0;8668
2067;0;9669
2068;5;233332
2069;11;52788725
2070;0;2772
2071;0;3773
2072;0;4774
2073;0;5775
2074;0;6776
2075;0;7777
2076;0;8778
2077;0;9779
2078;5;229922
2079;2;59895
2080;0;2882
2081;0;3883
2082;0;4884
2083;0;5885
2084;0;6886
2085;0;7887
2086;0;8888
2087;0;9889
2088;3;79497
2089;5;293392
2090;0;2992
2091;0;3993
2092;0;4994
2093;0;5995
2094;0;6996
2095;0;7997
2096;0;8998
2097;0;9999
2098;1;11011
2099;1;22022
2100;0;2112
2101;0;3113
2102;0;4114
2103;0;5115
2104;0;6116
2105;0;7117
2106;0;8118
2107;0;9119
2108;1;12221
2109;1;23232
2110;0;2222
2111;0;3223
2112;0;4224
2113;0;5225
2114;0;6226
2115;0;7227
2116;0;8228
2117;0;9229
2118;1;13431
2119;1;24442
2120;0;2332
2121;0;3333
2122;0;4334
2123;0;5335
2124;0;6336
2125;0;7337
2126;0;8338
2127;0;9339
2128;1;14641
2129;1;25652
2130;0;2442
2131;0;3443
2132;0;4444
2133;0;5445
2134;0;6446
2135;0;7447
2136;0;8448
2137;0;9449
2138;1;15851
2139;1;26862
2140;0;2552
2141;0;3553
2142;0;4554
2143;0;5555
2144;0;6556
2145;0;7557
2146;0;8558
2147;0;9559
2148;3;56265
2149;5;1136311
2150;0;2662
2151;0;3663
2152;0;4664
2153;0;5665
2154;0;6666
2155;0;7667
2156;0;8668
2157;0;9669
2158;5;233332
2159;11;52788725
2160;0;2772
2161;0;3773
2162;0;4774
2163;0;5775
2164;0;6776
2165;0;7777
2166;0;8778
2167;0;9779
2168;5;229922
2169;2;59895
2170;0;2882
2171;0;3883
2172;0;4884
2173;0;5885
2174;0;6886
2175;0;7887
2176;0;8888
2177;0;9889
2178;3;79497
2179;5;293392
2180;0;2992
2181;0;3993
2182;0;4994
2183;0;5995
2184;0;6996
2185;0;7997
2186;0;8998
2187;0;9999
2188;1;11011
2189;1;22022
2190;1;5115
2191;1;7117
2192;1;9119
2193;2;23232
2194;2;45254
2195;2;67276
2196;2;89298
2197;2;112211
2198;1;12221
2199;1;23232
2200;0;2222
2201;0;3223
2202;0;4224
2203;0;5225
2204;0;6226
2205;0;7227
2206;0;8228
2207;0;9229
2208;1;13431
2209;1;24442
2210;0;2332
2211;0;3333
2212;0;4334
2213;0;5335
2214;0;6336
2215;0;7337
2216;0;8338
2217;0;9339
2218;1;14641
2219;1;25652
2220;0;2442
2221;0;3443
2222;0;4444
2223;0;5445
2224;0;6446
2225;0;7447
2226;0;8448
2227;0;9449
2228;1;15851
2229;1;26862
2230;0;2552
2231;0;3553
2232;0;4554
2233;0;5555
2234;0;6556
2235;0;7557
2236;0;8558
2237;0;9559
2238;3;56265
2239;5;1136311
2240;0;2662
2241;0;3663
2242;0;4664
2243;0;5665
2244;0;6666
2245;0;7667
2246;0;8668
2247;0;9669
2248;5;233332
2249;11;52788725
2250;0;2772
2251;0;3773
2252;0;4774
2253;0;5775
2254;0;6776
2255;0;7777
2256;0;8778
2257;0;9779
2258;5;229922
2259;2;59895
2260;0;2882
2261;0;3883
2262;0;4884
2263;0;5885
2264;0;6886
2265;0;7887
2266;0;8888
2267;0;9889
2268;3;79497
2269;5;293392
2270;0;2992
2271;0;3993
2272;0;4994
2273;0;5995
2274;0;6996
2275;0;7997
2276;0;8998
2277;0;9999
2278;1;11011
2279;1;22022
2280;1;5115
2281;1;7117
2282;1;9119
2283;2;23232
2284;2;45254
2285;2;67276
2286;2;89298
2287;2;112211
2288;1;12221
2289;1;23232
2290;1;5335
2291;1;7337
2292;1;9339
2293;2;25652
2294;2;47674
2295;2;69696
2296;20;8813200023188
2297;2;125521
2298;1;13431
2299;0;12221
2300;0;2332
2301;0;3333
2302;0;4334
2303;0;5335
2304;0;6336
2305;0;7337
2306;0;8338
2307;0;9339
2308;1;14641
2309;1;25652
2310;0;2442
2311;0;3443
2312;0;4444
2313;0;5445
2314;0;6446
2315;0;7447
2316;0;8448
2317;0;9449
2318;1;15851
2319;1;26862
2320;0;2552
2321;0;3553
2322;0;4554
2323;0;5555
2324;0;6556
2325;0;7557
2326;0;8558
2327;0;9559
2328;3;56265
2329;5;1136311
2330;0;2662
2331;0;3663
2332;0;4664
2333;0;5665
2334;0;6666
2335;0;7667
2336;0;8668
2337;0;9669
2338;5;233332
2339;11;52788725
2340;0;2772
2341;0;3773
2342;0;4774
2343;0;5775
2344;0;6776
2345;0;7777
2346;0;8778
2347;0;9779
2348;5;229922
2349;2;59895
2350;0;2882
2351;0;3883
2352;0;4884
2353;0;5885
2354;0;6886
2355;0;7887
2356;0;8888
2357;0;9889
2358;3;79497
2359;5;293392
2360;0;2992
2361;0;3993
2362;0;4994
2363;0;5995
2364;0;6996
2365;0;7997
2366;0;8998
2367;0;9999
2368;1;11011
2369;1;22022
2370;1;5115
2371;1;7117
2372;1;9119
2373;2;23232
2374;2;45254
2375;2;67276
2376;2;89298
2377;2;112211
2378;1;12221
2379;1;23232
2380;1;5335
2381;1;7337
2382;1;9339
2383;2;25652
2384;2;47674
2385;2;69696
2386;20;8813200023188
2387;2;125521
2388;1;13431
2389;0;12221
2390;1;5555
2391;1;7557
2392;1;9559
2393;6;1136311
2394;3;99099
2395;4;475574
2396;8;88555588
2397;2;138831
2398;1;14641
2399;1;25652
2400;0;2442
2401;0;3443
2402;0;4444
2403;0;5445
2404;0;6446
2405;0;7447
2406;0;8448
2407;0;9449
2408;1;15851
2409;1;26862
2410;0;2552
2411;0;3553
2412;0;4554
2413;0;5555
2414;0;6556
2415;0;7557
2416;0;8558
2417;0;9559
2418;3;56265
2419;5;1136311
2420;0;2662
2421;0;3663
2422;0;4664
2423;0;5665
2424;0;6666
2425;0;7667
2426;0;8668
2427;0;9669
2428;5;233332
2429;11;52788725
2430;0;2772
2431;0;3773
2432;0;4774
2433;0;5775
2434;0;6776
2435;0;7777
2436;0;8778
2437;0;9779
2438;5;229922
2439;2;59895
2440;0;2882
2441;0;3883
2442;0;4884
2443;0;5885
2444;0;6886
2445;0;7887
2446;0;8888
2447;0;9889
2448;3;79497
2449;5;293392
2450;0;2992
2451;0;3993
2452;0;4994
2453;0;5995
2454;0;6996
2455;0;7997
2456;0;8998
2457;0;9999
2458;1;11011
2459;1;22022
2460;1;5115
2461;1;7117
2462;1;9119
2463;2;23232
2464;2;45254
2465;2;67276
2466;2;89298
2467;2;112211
2468;1;12221
2469;1;23232
2470;1;5335
2471;1;7337
2472;1;9339
2473;2;25652
2474;2;47674
2475;2;69696
2476;20;8813200023188
2477;2;125521
2478;1;13431
2479;0;12221
2480;1;5555
2481;1;7557
2482;1;9559
2483;6;1136311
2484;3;99099
2485;4;475574
2486;8;88555588
2487;2;138831
2488;1;14641
2489;1;25652
2490;1;5775
2491;1;7777
2492;1;9779
2493;3;59895
2494;>10000k	?
2495;15;5233333325
2496;>10000k	?
2497;3;293392
2498;1;15851
2499;1;26862
2500;0;2552
2501;0;3553
2502;0;4554
2503;0;5555
2504;0;6556
2505;0;7557
2506;0;8558
2507;0;9559
2508;3;56265
2509;5;1136311
2510;0;2662
2511;0;3663
2512;0;4664
2513;0;5665
2514;0;6666
2515;0;7667
2516;0;8668
2517;0;9669
2518;5;233332
2519;11;52788725
2520;0;2772
2521;0;3773
2522;0;4774
2523;0;5775
2524;0;6776
2525;0;7777
2526;0;8778
2527;0;9779
2528;5;229922
2529;2;59895
2530;0;2882
2531;0;3883
2532;0;4884
2533;0;5885
2534;0;6886
2535;0;7887
2536;0;8888
2537;0;9889
2538;3;79497
2539;5;293392
2540;0;2992
2541;0;3993
2542;0;4994
2543;0;5995
2544;0;6996
2545;0;7997
2546;0;8998
2547;0;9999
2548;1;11011
2549;1;22022
2550;1;5115
2551;1;7117
2552;1;9119
2553;2;23232
2554;2;45254
2555;2;67276
2556;2;89298
2557;2;112211
2558;1;12221
2559;1;23232
2560;1;5335
2561;1;7337
2562;1;9339
2563;2;25652
2564;2;47674
2565;2;69696
2566;20;8813200023188
2567;2;125521
2568;1;13431
2569;0;12221
2570;1;5555
2571;1;7557
2572;1;9559
2573;6;1136311
2574;3;99099
2575;4;475574
2576;8;88555588
2577;2;138831
2578;1;14641
2579;1;25652
2580;1;5775
2581;1;7777
2582;1;9779
2583;3;59895
2584;>10000k	?
2585;15;5233333325
2586;>10000k	?
2587;3;293392
2588;1;15851
2589;1;26862
2590;1;5995
2591;1;7997
2592;1;9999
2593;2;22022
2594;2;44044
2595;2;66066
2596;2;88088
2597;2;155551
2598;3;56265
2599;5;1136311
2600;0;2662
2601;0;3663
2602;0;4664
2603;0;5665
2604;0;6666
2605;0;7667
2606;0;8668
2607;0;9669
2608;5;233332
2609;11;52788725
2610;0;2772
2611;0;3773
2612;0;4774
2613;0;5775
2614;0;6776
2615;0;7777
2616;0;8778
2617;0;9779
2618;5;229922
2619;2;59895
2620;0;2882
2621;0;3883
2622;0;4884
2623;0;5885
2624;0;6886
2625;0;7887
2626;0;8888
2627;0;9889
2628;3;79497
2629;5;293392
2630;0;2992
2631;0;3993
2632;0;4994
2633;0;5995
2634;0;6996
2635;0;7997
2636;0;8998
2637;0;9999
2638;1;11011
2639;1;22022
2640;1;5115
2641;1;7117
2642;1;9119
2643;2;23232
2644;2;45254
2645;2;67276
2646;2;89298
2647;2;112211
2648;1;12221
2649;1;23232
2650;1;5335
2651;1;7337
2652;1;9339
2653;2;25652
2654;2;47674
2655;2;69696
2656;20;8813200023188
2657;2;125521
2658;1;13431
2659;0;12221
2660;1;5555
2661;1;7557
2662;1;9559
2663;6;1136311
2664;3;99099
2665;4;475574
2666;8;88555588
2667;2;138831
2668;1;14641
2669;1;25652
2670;1;5775
2671;1;7777
2672;1;9779
2673;3;59895
2674;>10000k	?
2675;15;5233333325
2676;>10000k	?
2677;3;293392
2678;1;15851
2679;1;26862
2680;1;5995
2681;1;7997
2682;1;9999
2683;2;22022
2684;2;44044
2685;2;66066
2686;2;88088
2687;2;155551
2688;3;56265
2689;5;1136311
2690;3;25652
2691;3;69696
2692;3;125521
2693;1;12221
2694;2;46464
2695;2;68486
2696;4;881188
2697;2;168861
2698;5;233332
2699;11;52788725
2700;0;2772
2701;0;3773
2702;0;4774
2703;0;5775
2704;0;6776
2705;0;7777
2706;0;8778
2707;0;9779
2708;5;229922
2709;2;59895
2710;0;2882
2711;0;3883
2712;0;4884
2713;0;5885
2714;0;6886
2715;0;7887
2716;0;8888
2717;0;9889
2718;3;79497
2719;5;293392
2720;0;2992
2721;0;3993
2722;0;4994
2723;0;5995
2724;0;6996
2725;0;7997
2726;0;8998
2727;0;9999
2728;1;11011
2729;1;22022
2730;1;5115
2731;1;7117
2732;1;9119
2733;2;23232
2734;2;45254
2735;2;67276
2736;2;89298
2737;2;112211
2738;1;12221
2739;1;23232
2740;1;5335
2741;1;7337
2742;1;9339
2743;2;25652
2744;2;47674
2745;2;69696
2746;20;8813200023188
2747;2;125521
2748;1;13431
2749;0;12221
2750;1;5555
2751;1;7557
2752;1;9559
2753;6;1136311
2754;3;99099
2755;4;475574
2756;8;88555588
2757;2;138831
2758;1;14641
2759;1;25652
2760;1;5775
2761;1;7777
2762;1;9779
2763;3;59895
2764;>10000k	?
2765;15;5233333325
2766;>10000k	?
2767;3;293392
2768;1;15851
2769;1;26862
2770;1;5995
2771;1;7997
2772;1;9999
2773;2;22022
2774;2;44044
2775;2;66066
2776;2;88088
2777;2;155551
2778;3;56265
2779;5;1136311
2780;3;25652
2781;3;69696
2782;3;125521
2783;1;12221
2784;2;46464
2785;2;68486
2786;4;881188
2787;2;168861
2788;5;233332
2789;11;52788725
2790;4;59895
2791;16;5233333325
2792;4;293392
2793;2;26862
2794;2;48884
2795;4;449944
2796;12;8836886388
2797;17;89540004598
2798;5;229922
2799;2;59895
2800;0;2882
2801;0;3883
2802;0;4884
2803;0;5885
2804;0;6886
2805;0;7887
2806;0;8888
2807;0;9889
2808;3;79497
2809;5;293392
2810;0;2992
2811;0;3993
2812;0;4994
2813;0;5995
2814;0;6996
2815;0;7997
2816;0;8998
2817;0;9999
2818;1;11011
2819;1;22022
2820;1;5115
2821;1;7117
2822;1;9119
2823;2;23232
2824;2;45254
2825;2;67276
2826;2;89298
2827;2;112211
2828;1;12221
2829;1;23232
2830;1;5335
2831;1;7337
2832;1;9339
2833;2;25652
2834;2;47674
2835;2;69696
2836;20;8813200023188
2837;2;125521
2838;1;13431
2839;0;12221
2840;1;5555
2841;1;7557
2842;1;9559
2843;6;1136311
2844;3;99099
2845;4;475574
2846;8;88555588
2847;2;138831
2848;1;14641
2849;1;25652
2850;1;5775
2851;1;7777
2852;1;9779
2853;3;59895
2854;>10000k	?
2855;15;5233333325
2856;>10000k	?
2857;3;293392
2858;1;15851
2859;1;26862
2860;1;5995
2861;1;7997
2862;1;9999
2863;2;22022
2864;2;44044
2865;2;66066
2866;2;88088
2867;2;155551
2868;3;56265
2869;5;1136311
2870;3;25652
2871;3;69696
2872;3;125521
2873;1;12221
2874;2;46464
2875;2;68486
2876;4;881188
2877;2;168861
2878;5;233332
2879;11;52788725
2880;4;59895
2881;16;5233333325
2882;4;293392
2883;2;26862
2884;2;48884
2885;4;449944
2886;12;8836886388
2887;17;89540004598
2888;5;229922
2889;2;59895
2890;2;12221
2891;3;68486
2892;3;168861
2893;12;52788725
2894;3;91619
2895;5;993399
2896;15;133697796331
2897;6;2322232
2898;3;79497
2899;5;293392
2900;0;2992
2901;0;3993
2902;0;4994
2903;0;5995
2904;0;6996
2905;0;7997
2906;0;8998
2907;0;9999
2908;1;11011
2909;1;22022
2910;1;5115
2911;1;7117
2912;1;9119
2913;2;23232
2914;2;45254
2915;2;67276
2916;2;89298
2917;2;112211
2918;1;12221
2919;1;23232
2920;1;5335
2921;1;7337
2922;1;9339
2923;2;25652
2924;2;47674
2925;2;69696
2926;20;8813200023188
2927;2;125521
2928;1;13431
2929;0;12221
2930;1;5555
2931;1;7557
2932;1;9559
2933;6;1136311
2934;3;99099
2935;4;475574
2936;8;88555588
2937;2;138831
2938;1;14641
2939;1;25652
2940;1;5775
2941;1;7777
2942;1;9779
2943;3;59895
2944;>10000k	?
2945;15;5233333325
2946;>10000k	?
2947;3;293392
2948;1;15851
2949;1;26862
2950;1;5995
2951;1;7997
2952;1;9999
2953;2;22022
2954;2;44044
2955;2;66066
2956;2;88088
2957;2;155551
2958;3;56265
2959;5;1136311
2960;3;25652
2961;3;69696
2962;3;125521
2963;1;12221
2964;2;46464
2965;2;68486
2966;4;881188
2967;2;168861
2968;5;233332
2969;11;52788725
2970;4;59895
2971;16;5233333325
2972;4;293392
2973;2;26862
2974;2;48884
2975;4;449944
2976;12;8836886388
2977;17;89540004598
2978;5;229922
2979;2;59895
2980;2;12221
2981;3;68486
2982;3;168861
2983;12;52788725
2984;3;91619
2985;5;993399
2986;15;133697796331
2987;6;2322232
2988;3;79497
2989;5;293392
2990;13;52788725
2991;6;993399
2992;7;2322232
2993;6;293392
2994;7;12455421
2995;4;445544
2996;>10000k	?
2997;14;8939779398
2998;6;712217
2999;8;2322232
3000;0;3003
3001;0;4004
3002;0;5005
3003;0;6006
3004;0;7007
3005;0;8008
3006;0;9009
3007;1;11011
3008;0;11011
3009;1;33033
3010;0;3113
3011;0;4114
3012;0;5115
3013;0;6116
3014;0;7117
3015;0;8118
3016;0;9119
3017;1;12221
3018;1;23232
3019;1;34243
3020;0;3223
3021;0;4224
3022;0;5225
3023;0;6226
3024;0;7227
3025;0;8228
3026;0;9229
3027;1;13431
3028;1;24442
3029;1;35453
3030;0;3333
3031;0;4334
3032;0;5335
3033;0;6336
3034;0;7337
3035;0;8338
3036;0;9339
3037;1;14641
3038;1;25652
3039;1;36663
3040;0;3443
3041;0;4444
3042;0;5445
3043;0;6446
3044;0;7447
3045;0;8448
3046;0;9449
3047;1;15851
3048;1;26862
3049;1;37873
3050;0;3553
3051;0;4554
3052;0;5555
3053;0;6556
3054;0;7557
3055;0;8558
3056;0;9559
3057;3;56265
3058;5;1136311
3059;4;497794
3060;0;3663
3061;0;4664
3062;0;5665
3063;0;6666
3064;0;7667
3065;0;8668
3066;0;9669
3067;5;233332
3068;11;52788725
3069;2;79497
3070;0;3773
3071;0;4774
3072;0;5775
3073;0;6776
3074;0;7777
3075;0;8778
3076;0;9779
3077;5;229922
3078;2;59895
3079;4;583385
3080;0;3883
3081;0;4884
3082;0;5885
3083;0;6886
3084;0;7887
3085;0;8888
3086;0;9889
3087;3;79497
3088;5;293392
3089;6;2786872
3090;0;3993
3091;0;4994
3092;0;5995
3093;0;6996
3094;0;7997
3095;0;8998
3096;0;9999
3097;1;11011
3098;1;22022
3099;1;33033
3100;0;3113
3101;0;4114
3102;0;5115
3103;0;6116
3104;0;7117
3105;0;8118
3106;0;9119
3107;1;12221
3108;1;23232
3109;1;34243
3110;0;3223
3111;0;4224
3112;0;5225
3113;0;6226
3114;0;7227
3115;0;8228
3116;0;9229
3117;1;13431
3118;1;24442
3119;1;35453
3120;0;3333
3121;0;4334
3122;0;5335
3123;0;6336
3124;0;7337
3125;0;8338
3126;0;9339
3127;1;14641
3128;1;25652
3129;1;36663
3130;0;3443
3131;0;4444
3132;0;5445
3133;0;6446
3134;0;7447
3135;0;8448
3136;0;9449
3137;1;15851
3138;1;26862
3139;1;37873
3140;0;3553
3141;0;4554
3142;0;5555
3143;0;6556
3144;0;7557
3145;0;8558
3146;0;9559
3147;3;56265
3148;5;1136311
3149;4;497794
3150;0;3663
3151;0;4664
3152;0;5665
3153;0;6666
3154;0;7667
3155;0;8668
3156;0;9669
3157;5;233332
3158;11;52788725
3159;2;79497
3160;0;3773
3161;0;4774
3162;0;5775
3163;0;6776
3164;0;7777
3165;0;8778
3166;0;9779
3167;5;229922
3168;2;59895
3169;4;583385
3170;0;3883
3171;0;4884
3172;0;5885
3173;0;6886
3174;0;7887
3175;0;8888
3176;0;9889
3177;3;79497
3178;5;293392
3179;6;2786872
3180;0;3993
3181;0;4994
3182;0;5995
3183;0;6996
3184;0;7997
3185;0;8998
3186;0;9999
3187;1;11011
3188;1;22022
3189;1;33033
3190;1;7117
3191;1;9119
3192;2;23232
3193;2;45254
3194;2;67276
3195;2;89298
3196;2;112211
3197;1;12221
3198;1;23232
3199;1;34243
3200;0;3223
3201;0;4224
3202;0;5225
3203;0;6226
3204;0;7227
3205;0;8228
3206;0;9229
3207;1;13431
3208;1;24442
3209;1;35453
3210;0;3333
3211;0;4334
3212;0;5335
3213;0;6336
3214;0;7337
3215;0;8338
3216;0;9339
3217;1;14641
3218;1;25652
3219;1;36663
3220;0;3443
3221;0;4444
3222;0;5445
3223;0;6446
3224;0;7447
3225;0;8448
3226;0;9449
3227;1;15851
3228;1;26862
3229;1;37873
3230;0;3553
3231;0;4554
3232;0;5555
3233;0;6556
3234;0;7557
3235;0;8558
3236;0;9559
3237;3;56265
3238;5;1136311
3239;4;497794
3240;0;3663
3241;0;4664
3242;0;5665
3243;0;6666
3244;0;7667
3245;0;8668
3246;0;9669
3247;5;233332
3248;11;52788725
3249;2;79497
3250;0;3773
3251;0;4774
3252;0;5775
3253;0;6776
3254;0;7777
3255;0;8778
3256;0;9779
3257;5;229922
3258;2;59895
3259;4;583385
3260;0;3883
3261;0;4884
3262;0;5885
3263;0;6886
3264;0;7887
3265;0;8888
3266;0;9889
3267;3;79497
3268;5;293392
3269;6;2786872
3270;0;3993
3271;0;4994
3272;0;5995
3273;0;6996
3274;0;7997
3275;0;8998
3276;0;9999
3277;1;11011
3278;1;22022
3279;1;33033
3280;1;7117
3281;1;9119
3282;2;23232
3283;2;45254
3284;2;67276
3285;2;89298
3286;2;112211
3287;1;12221
3288;1;23232
3289;1;34243
3290;1;7337
3291;1;9339
3292;2;25652
3293;2;47674
3294;2;69696
3295;20;8813200023188
3296;2;125521
3297;1;13431
3298;0;12221
3299;1;35453
3300;0;3333
3301;0;4334
3302;0;5335
3303;0;6336
3304;0;7337
3305;0;8338
3306;0;9339
3307;1;14641
3308;1;25652
3309;1;36663
3310;0;3443
3311;0;4444
3312;0;5445
3313;0;6446
3314;0;7447
3315;0;8448
3316;0;9449
3317;1;15851
3318;1;26862
3319;1;37873
3320;0;3553
3321;0;4554
3322;0;5555
3323;0;6556
3324;0;7557
3325;0;8558
3326;0;9559
3327;3;56265
3328;5;1136311
3329;4;497794
3330;0;3663
3331;0;4664
3332;0;5665
3333;0;6666
3334;0;7667
3335;0;8668
3336;0;9669
3337;5;233332
3338;11;52788725
3339;2;79497
3340;0;3773
3341;0;4774
3342;0;5775
3343;0;6776
3344;0;7777
3345;0;8778
3346;0;9779
3347;5;229922
3348;2;59895
3349;4;583385
3350;0;3883
3351;0;4884
3352;0;5885
3353;0;6886
3354;0;7887
3355;0;8888
3356;0;9889
3357;3;79497
3358;5;293392
3359;6;2786872
3360;0;3993
3361;0;4994
3362;0;5995
3363;0;6996
3364;0;7997
3365;0;8998
3366;0;9999
3367;1;11011
3368;1;22022
3369;1;33033
3370;1;7117
3371;1;9119
3372;2;23232
3373;2;45254
3374;2;67276
3375;2;89298
3376;2;112211
3377;1;12221
3378;1;23232
3379;1;34243
3380;1;7337
3381;1;9339
3382;2;25652
3383;2;47674
3384;2;69696
3385;20;8813200023188
3386;2;125521
3387;1;13431
3388;0;12221
3389;1;35453
3390;1;7557
3391;1;9559
3392;6;1136311
3393;3;99099
3394;4;475574
3395;8;88555588
3396;2;138831
3397;1;14641
3398;1;25652
3399;1;36663
3400;0;3443
3401;0;4444
3402;0;5445
3403;0;6446
3404;0;7447
3405;0;8448
3406;0;9449
3407;1;15851
3408;1;26862
3409;1;37873
3410;0;3553
3411;0;4554
3412;0;5555
3413;0;6556
3414;0;7557
3415;0;8558
3416;0;9559
3417;3;56265
3418;5;1136311
3419;4;497794
3420;0;3663
3421;0;4664
3422;0;5665
3423;0;6666
3424;0;7667
3425;0;8668
3426;0;9669
3427;5;233332
3428;11;52788725
3429;2;79497
3430;0;3773
3431;0;4774
3432;0;5775
3433;0;6776
3434;0;7777
3435;0;8778
3436;0;9779
3437;5;229922
3438;2;59895
3439;4;583385
3440;0;3883
3441;0;4884
3442;0;5885
3443;0;6886
3444;0;7887
3445;0;8888
3446;0;9889
3447;3;79497
3448;5;293392
3449;6;2786872
3450;0;3993
3451;0;4994
3452;0;5995
3453;0;6996
3454;0;7997
3455;0;8998
3456;0;9999
3457;1;11011
3458;1;22022
3459;1;33033
3460;1;7117
3461;1;9119
3462;2;23232
3463;2;45254
3464;2;67276
3465;2;89298
3466;2;112211
3467;1;12221
3468;1;23232
3469;1;34243
3470;1;7337
3471;1;9339
3472;2;25652
3473;2;47674
3474;2;69696
3475;20;8813200023188
3476;2;125521
3477;1;13431
3478;0;12221
3479;1;35453
3480;1;7557
3481;1;9559
3482;6;1136311
3483;3;99099
3484;4;475574
3485;8;88555588
3486;2;138831
3487;1;14641
3488;1;25652
3489;1;36663
3490;1;7777
3491;1;9779
3492;3;59895
3493;>10000k	?
3494;15;5233333325
3495;>10000k	?
3496;3;293392
3497;1;15851
3498;1;26862
3499;1;37873
3500;0;3553
3501;0;4554
3502;0;5555
3503;0;6556
3504;0;7557
3505;0;8558
3506;0;9559
3507;3;56265
3508;5;1136311
3509;4;497794
3510;0;3663
3511;0;4664
3512;0;5665
3513;0;6666
3514;0;7667
3515;0;8668
3516;0;9669
3517;5;233332
3518;11;52788725
3519;2;79497
3520;0;3773
3521;0;4774
3522;0;5775
3523;0;6776
3524;0;7777
3525;0;8778
3526;0;9779
3527;5;229922
3528;2;59895
3529;4;583385
3530;0;3883
3531;0;4884
3532;0;5885
3533;0;6886
3534;0;7887
3535;0;8888
3536;0;9889
3537;3;79497
3538;5;293392
3539;6;2786872
3540;0;3993
3541;0;4994
3542;0;5995
3543;0;6996
3544;0;7997
3545;0;8998
3546;0;9999
3547;1;11011
3548;1;22022
3549;1;33033
3550;1;7117
3551;1;9119
3552;2;23232
3553;2;45254
3554;2;67276
3555;2;89298
3556;2;112211
3557;1;12221
3558;1;23232
3559;1;34243
3560;1;7337
3561;1;9339
3562;2;25652
3563;2;47674
3564;2;69696
3565;20;8813200023188
3566;2;125521
3567;1;13431
3568;0;12221
3569;1;35453
3570;1;7557
3571;1;9559
3572;6;1136311
3573;3;99099
3574;4;475574
3575;8;88555588
3576;2;138831
3577;1;14641
3578;1;25652
3579;1;36663
3580;1;7777
3581;1;9779
3582;3;59895
3583;>10000k	?
3584;15;5233333325
3585;>10000k	?
3586;3;293392
3587;1;15851
3588;1;26862
3589;1;37873
3590;1;7997
3591;1;9999
3592;2;22022
3593;2;44044
3594;2;66066
3595;2;88088
3596;2;155551
3597;3;56265
3598;5;1136311
3599;4;497794
3600;0;3663
3601;0;4664
3602;0;5665
3603;0;6666
3604;0;7667
3605;0;8668
3606;0;9669
3607;5;233332
3608;11;52788725
3609;2;79497
3610;0;3773
3611;0;4774
3612;0;5775
3613;0;6776
3614;0;7777
3615;0;8778
3616;0;9779
3617;5;229922
3618;2;59895
3619;4;583385
3620;0;3883
3621;0;4884
3622;0;5885
3623;0;6886
3624;0;7887
3625;0;8888
3626;0;9889
3627;3;79497
3628;5;293392
3629;6;2786872
3630;0;3993
3631;0;4994
3632;0;5995
3633;0;6996
3634;0;7997
3635;0;8998
3636;0;9999
3637;1;11011
3638;1;22022
3639;1;33033
3640;1;7117
3641;1;9119
3642;2;23232
3643;2;45254
3644;2;67276
3645;2;89298
3646;2;112211
3647;1;12221
3648;1;23232
3649;1;34243
3650;1;7337
3651;1;9339
3652;2;25652
3653;2;47674
3654;2;69696
3655;20;8813200023188
3656;2;125521
3657;1;13431
3658;0;12221
3659;1;35453
3660;1;7557
3661;1;9559
3662;6;1136311
3663;3;99099
3664;4;475574
3665;8;88555588
3666;2;138831
3667;1;14641
3668;1;25652
3669;1;36663
3670;1;7777
3671;1;9779
3672;3;59895
3673;>10000k	?
3674;15;5233333325
3675;>10000k	?
3676;3;293392
3677;1;15851
3678;1;26862
3679;1;37873
3680;1;7997
3681;1;9999
3682;2;22022
3683;2;44044
3684;2;66066
3685;2;88088
3686;2;155551
3687;3;56265
3688;5;1136311
3689;4;497794
3690;3;69696
3691;3;125521
3692;1;12221
3693;2;46464
3694;2;68486
3695;4;881188
3696;2;168861
3697;5;233332
3698;11;52788725
3699;2;79497
3700;0;3773
3701;0;4774
3702;0;5775
3703;0;6776
3704;0;7777
3705;0;8778
3706;0;9779
3707;5;229922
3708;2;59895
3709;4;583385
3710;0;3883
3711;0;4884
3712;0;5885
3713;0;6886
3714;0;7887
3715;0;8888
3716;0;9889
3717;3;79497
3718;5;293392
3719;6;2786872
3720;0;3993
3721;0;4994
3722;0;5995
3723;0;6996
3724;0;7997
3725;0;8998
3726;0;9999
3727;1;11011
3728;1;22022
3729;1;33033
3730;1;7117
3731;1;9119
3732;2;23232
3733;2;45254
3734;2;67276
3735;2;89298
3736;2;112211
3737;1;12221
3738;1;23232
3739;1;34243
3740;1;7337
3741;1;9339
3742;2;25652
3743;2;47674
3744;2;69696
3745;20;8813200023188
3746;2;125521
3747;1;13431
3748;0;12221
3749;1;35453
3750;1;7557
3751;1;9559
3752;6;1136311
3753;3;99099
3754;4;475574
3755;8;88555588
3756;2;138831
3757;1;14641
3758;1;25652
3759;1;36663
3760;1;7777
3761;1;9779
3762;3;59895
3763;>10000k	?
3764;15;5233333325
3765;>10000k	?
3766;3;293392
3767;1;15851
3768;1;26862
3769;1;37873
3770;1;7997
3771;1;9999
3772;2;22022
3773;2;44044
3774;2;66066
3775;2;88088
3776;2;155551
3777;3;56265
3778;5;1136311
3779;4;497794
3780;3;69696
3781;3;125521
3782;1;12221
3783;2;46464
3784;2;68486
3785;4;881188
3786;2;168861
3787;5;233332
3788;11;52788725
3789;2;79497
3790;16;5233333325
3791;4;293392
3792;2;26862
3793;2;48884
3794;4;449944
3795;12;8836886388
3796;17;89540004598
3797;5;229922
3798;2;59895
3799;4;583385
3800;0;3883
3801;0;4884
3802;0;5885
3803;0;6886
3804;0;7887
3805;0;8888
3806;0;9889
3807;3;79497
3808;5;293392
3809;6;2786872
3810;0;3993
3811;0;4994
3812;0;5995
3813;0;6996
3814;0;7997
3815;0;8998
3816;0;9999
3817;1;11011
3818;1;22022
3819;1;33033
3820;1;7117
3821;1;9119
3822;2;23232
3823;2;45254
3824;2;67276
3825;2;89298
3826;2;112211
3827;1;12221
3828;1;23232
3829;1;34243
3830;1;7337
3831;1;9339
3832;2;25652
3833;2;47674
3834;2;69696
3835;20;8813200023188
3836;2;125521
3837;1;13431
3838;0;12221
3839;1;35453
3840;1;7557
3841;1;9559
3842;6;1136311
3843;3;99099
3844;4;475574
3845;8;88555588
3846;2;138831
3847;1;14641
3848;1;25652
3849;1;36663
3850;1;7777
3851;1;9779
3852;3;59895
3853;>10000k	?
3854;15;5233333325
3855;>10000k	?
3856;3;293392
3857;1;15851
3858;1;26862
3859;1;37873
3860;1;7997
3861;1;9999
3862;2;22022
3863;2;44044
3864;2;66066
3865;2;88088
3866;2;155551
3867;3;56265
3868;5;1136311
3869;4;497794
3870;3;69696
3871;3;125521
3872;1;12221
3873;2;46464
3874;2;68486
3875;4;881188
3876;2;168861
3877;5;233332
3878;11;52788725
3879;2;79497
3880;16;5233333325
3881;4;293392
3882;2;26862
3883;2;48884
3884;4;449944
3885;12;8836886388
3886;17;89540004598
3887;5;229922
3888;2;59895
3889;4;583385
3890;3;68486
3891;3;168861
3892;12;52788725
3893;3;91619
3894;5;993399
3895;15;133697796331
3896;6;2322232
3897;3;79497
3898;5;293392
3899;6;2786872
3900;0;3993
3901;0;4994
3902;0;5995
3903;0;6996
3904;0;7997
3905;0;8998
3906;0;9999
3907;1;11011
3908;1;22022
3909;1;33033
3910;1;7117
3911;1;9119
3912;2;23232
3913;2;45254
3914;2;67276
3915;2;89298
3916;2;112211
3917;1;12221
3918;1;23232
3919;1;34243
3920;1;7337
3921;1;9339
3922;2;25652
3923;2;47674
3924;2;69696
3925;20;8813200023188
3926;2;125521
3927;1;13431
3928;0;12221
3929;1;35453
3930;1;7557
3931;1;9559
3932;6;1136311
3933;3;99099
3934;4;475574
3935;8;88555588
3936;2;138831
3937;1;14641
3938;1;25652
3939;1;36663
3940;1;7777
3941;1;9779
3942;3;59895
3943;>10000k	?
3944;15;5233333325
3945;>10000k	?
3946;3;293392
3947;1;15851
3948;1;26862
3949;1;37873
3950;1;7997
3951;1;9999
3952;2;22022
3953;2;44044
3954;2;66066
3955;2;88088
3956;2;155551
3957;3;56265
3958;5;1136311
3959;4;497794
3960;3;69696
3961;3;125521
3962;1;12221
3963;2;46464
3964;2;68486
3965;4;881188
3966;2;168861
3967;5;233332
3968;11;52788725
3969;2;79497
3970;16;5233333325
3971;4;293392
3972;2;26862
3973;2;48884
3974;4;449944
3975;12;8836886388
3976;17;89540004598
3977;5;229922
3978;2;59895
3979;4;583385
3980;3;68486
3981;3;168861
3982;12;52788725
3983;3;91619
3984;5;993399
3985;15;133697796331
3986;6;2322232
3987;3;79497
3988;5;293392
3989;6;2786872
3990;6;993399
3991;7;2322232
3992;6;293392
3993;7;12455421
3994;4;445544
3995;>10000k	?
3996;14;8939779398
3997;6;712217
3998;8;2322232
3999;4;579975
4000;0;4004
4001;0;5005
4002;0;6006
4003;0;7007
4004;0;8008
4005;0;9009
4006;1;11011
4007;0;11011
4008;1;33033
4009;1;44044
4010;0;4114
4011;0;5115
4012;0;6116
4013;0;7117
4014;0;8118
4015;0;9119
4016;1;12221
4017;1;23232
4018;1;34243
4019;1;45254
4020;0;4224
4021;0;5225
4022;0;6226
4023;0;7227
4024;0;8228
4025;0;9229
4026;1;13431
4027;1;24442
4028;1;35453
4029;1;46464
4030;0;4334
4031;0;5335
4032;0;6336
4033;0;7337
4034;0;8338
4035;0;9339
4036;1;14641
4037;1;25652
4038;1;36663
4039;1;47674
4040;0;4444
4041;0;5445
4042;0;6446
4043;0;7447
4044;0;8448
4045;0;9449
4046;1;15851
4047;1;26862
4048;1;37873
4049;1;48884
4050;0;4554
4051;0;5555
4052;0;6556
4053;0;7557
4054;0;8558
4055;0;9559
4056;3;56265
4057;5;1136311
4058;4;497794
4059;2;99099
4060;0;4664
4061;0;5665
4062;0;6666
4063;0;7667
4064;0;8668
4065;0;9669
4066;5;233332
4067;11;52788725
4068;2;79497
4069;2;91619
4070;0;4774
4071;0;5775
4072;0;6776
4073;0;7777
4074;0;8778
4075;0;9779
4076;5;229922
4077;2;59895
4078;4;583385
4079;>10000k	?
4080;0;4884
4081;0;5885
4082;0;6886
4083;0;7887
4084;0;8888
4085;0;9889
4086;3;79497
4087;5;293392
4088;6;2786872
4089;6;12455421
4090;0;4994
4091;0;5995
4092;0;6996
4093;0;7997
4094;0;8998
4095;0;9999
4096;1;11011
4097;1;22022
4098;1;33033
4099;1;44044
4100;0;4114
4101;0;5115
4102;0;6116
4103;0;7117
4104;0;8118
4105;0;9119
4106;1;12221
4107;1;23232
4108;1;34243
4109;1;45254
4110;0;4224
4111;0;5225
4112;0;6226
4113;0;7227
4114;0;8228
4115;0;9229
4116;1;13431
4117;1;24442
4118;1;35453
4119;1;46464
4120;0;4334
4121;0;5335
4122;0;6336
4123;0;7337
4124;0;8338
4125;0;9339
4126;1;14641
4127;1;25652
4128;1;36663
4129;1;47674
4130;0;4444
4131;0;5445
4132;0;6446
4133;0;7447
4134;0;8448
4135;0;9449
4136;1;15851
4137;1;26862
4138;1;37873
4139;1;48884
4140;0;4554
4141;0;5555
4142;0;6556
4143;0;7557
4144;0;8558
4145;0;9559
4146;3;56265
4147;5;1136311
4148;4;497794
4149;2;99099
4150;0;4664
4151;0;5665
4152;0;6666
4153;0;7667
4154;0;8668
4155;0;9669
4156;5;233332
4157;11;52788725
4158;2;79497
4159;2;91619
4160;0;4774
4161;0;5775
4162;0;6776
4163;0;7777
4164;0;8778
4165;0;9779
4166;5;229922
4167;2;59895
4168;4;583385
4169;>10000k	?
4170;0;4884
4171;0;5885
4172;0;6886
4173;0;7887
4174;0;8888
4175;0;9889
4176;3;79497
4177;5;293392
4178;6;2786872
4179;6;12455421
4180;0;4994
4181;0;5995
4182;0;6996
4183;0;7997
4184;0;8998
4185;0;9999
4186;1;11011
4187;1;22022
4188;1;33033
4189;1;44044
4190;1;9119
4191;2;23232
4192;2;45254
4193;2;67276
4194;2;89298
4195;2;112211
4196;1;12221
4197;1;23232
4198;1;34243
4199;1;45254
4200;0;4224
4201;0;5225
4202;0;6226
4203;0;7227
4204;0;8228
4205;0;9229
4206;1;13431
4207;1;24442
4208;1;35453
4209;1;46464
4210;0;4334
4211;0;5335
4212;0;6336
4213;0;7337
4214;0;8338
4215;0;9339
4216;1;14641
4217;1;25652
4218;1;36663
4219;1;47674
4220;0;4444
4221;0;5445
4222;0;6446
4223;0;7447
4224;0;8448
4225;0;9449
4226;1;15851
4227;1;26862
4228;1;37873
4229;1;48884
4230;0;4554
4231;0;5555
4232;0;6556
4233;0;7557
4234;0;8558
4235;0;9559
4236;3;56265
4237;5;1136311
4238;4;497794
4239;2;99099
4240;0;4664
4241;0;5665
4242;0;6666
4243;0;7667
4244;0;8668
4245;0;9669
4246;5;233332
4247;11;52788725
4248;2;79497
4249;2;91619
4250;0;4774
4251;0;5775
4252;0;6776
4253;0;7777
4254;0;8778
4255;0;9779
4256;5;229922
4257;2;59895
4258;4;583385
4259;>10000k	?
4260;0;4884
4261;0;5885
4262;0;6886
4263;0;7887
4264;0;8888
4265;0;9889
4266;3;79497
4267;5;293392
4268;6;2786872
4269;6;12455421
4270;0;4994
4271;0;5995
4272;0;6996
4273;0;7997
4274;0;8998
4275;0;9999
4276;1;11011
4277;1;22022
4278;1;33033
4279;1;44044
4280;1;9119
4281;2;23232
4282;2;45254
4283;2;67276
4284;2;89298
4285;2;112211
4286;1;12221
4287;1;23232
4288;1;34243
4289;1;45254
4290;1;9339
4291;2;25652
4292;2;47674
4293;2;69696
4294;20;8813200023188
4295;2;125521
4296;1;13431
4297;0;12221
4298;1;35453
4299;1;46464
4300;0;4334
4301;0;5335
4302;0;6336
4303;0;7337
4304;0;8338
4305;0;9339
4306;1;14641
4307;1;25652
4308;1;36663
4309;1;47674
4310;0;4444
4311;0;5445
4312;0;6446
4313;0;7447
4314;0;8448
4315;0;9449
4316;1;15851
4317;1;26862
4318;1;37873
4319;1;48884
4320;0;4554
4321;0;5555
4322;0;6556
4323;0;7557
4324;0;8558
4325;0;9559
4326;3;56265
4327;5;1136311
4328;4;497794
4329;2;99099
4330;0;4664
4331;0;5665
4332;0;6666
4333;0;7667
4334;0;8668
4335;0;9669
4336;5;233332
4337;11;52788725
4338;2;79497
4339;2;91619
4340;0;4774
4341;0;5775
4342;0;6776
4343;0;7777
4344;0;8778
4345;0;9779
4346;5;229922
4347;2;59895
4348;4;583385
4349;>10000k	?
4350;0;4884
4351;0;5885
4352;0;6886
4353;0;7887
4354;0;8888
4355;0;9889
4356;3;79497
4357;5;293392
4358;6;2786872
4359;6;12455421
4360;0;4994
4361;0;5995
4362;0;6996
4363;0;7997
4364;0;8998
4365;0;9999
4366;1;11011
4367;1;22022
4368;1;33033
4369;1;44044
4370;1;9119
4371;2;23232
4372;2;45254
4373;2;67276
4374;2;89298
4375;2;112211
4376;1;12221
4377;1;23232
4378;1;34243
4379;1;45254
4380;1;9339
4381;2;25652
4382;2;47674
4383;2;69696
4384;20;8813200023188
4385;2;125521
4386;1;13431
4387;0;12221
4388;1;35453
4389;1;46464
4390;1;9559
4391;6;1136311
4392;3;99099
4393;4;475574
4394;8;88555588
4395;2;138831
4396;1;14641
4397;1;25652
4398;1;36663
4399;1;47674
4400;0;4444
4401;0;5445
4402;0;6446
4403;0;7447
4404;0;8448
4405;0;9449
4406;1;15851
4407;1;26862
4408;1;37873
4409;1;48884
4410;0;4554
4411;0;5555
4412;0;6556
4413;0;7557
4414;0;8558
4415;0;9559
4416;3;56265
4417;5;1136311
4418;4;497794
4419;2;99099
4420;0;4664
4421;0;5665
4422;0;6666
4423;0;7667
4424;0;8668
4425;0;9669
4426;5;233332
4427;11;52788725
4428;2;79497
4429;2;91619
4430;0;4774
4431;0;5775
4432;0;6776
4433;0;7777
4434;0;8778
4435;0;9779
4436;5;229922
4437;2;59895
4438;4;583385
4439;>10000k	?
4440;0;4884
4441;0;5885
4442;0;6886
4443;0;7887
4444;0;8888
4445;0;9889
4446;3;79497
4447;5;293392
4448;6;2786872
4449;6;12455421
4450;0;4994
4451;0;5995
4452;0;6996
4453;0;7997
4454;0;8998
4455;0;9999
4456;1;11011
4457;1;22022
4458;1;33033
4459;1;44044
4460;1;9119
4461;2;23232
4462;2;45254
4463;2;67276
4464;2;89298
4465;2;112211
4466;1;12221
4467;1;23232
4468;1;34243
4469;1;45254
4470;1;9339
4471;2;25652
4472;2;47674
4473;2;69696
4474;20;8813200023188
4475;2;125521
4476;1;13431
4477;0;12221
4478;1;35453
4479;1;46464
4480;1;9559
4481;6;1136311
4482;3;99099
4483;4;475574
4484;8;88555588
4485;2;138831
4486;1;14641
4487;1;25652
4488;1;36663
4489;1;47674
4490;1;9779
4491;3;59895
4492;>10000k	?
4493;15;5233333325
4494;>10000k	?
4495;3;293392
4496;1;15851
4497;1;26862
4498;1;37873
4499;1;48884
4500;0;4554
4501;0;5555
4502;0;6556
4503;0;7557
4504;0;8558
4505;0;9559
4506;3;56265
4507;5;1136311
4508;4;497794
4509;2;99099
4510;0;4664
4511;0;5665
4512;0;6666
4513;0;7667
4514;0;8668
4515;0;9669
4516;5;233332
4517;11;52788725
4518;2;79497
4519;2;91619
4520;0;4774
4521;0;5775
4522;0;6776
4523;0;7777
4524;0;8778
4525;0;9779
4526;5;229922
4527;2;59895
4528;4;583385
4529;>10000k	?
4530;0;4884
4531;0;5885
4532;0;6886
4533;0;7887
4534;0;8888
4535;0;9889
4536;3;79497
4537;5;293392
4538;6;2786872
4539;6;12455421
4540;0;4994
4541;0;5995
4542;0;6996
4543;0;7997
4544;0;8998
4545;0;9999
4546;1;11011
4547;1;22022
4548;1;33033
4549;1;44044
4550;1;9119
4551;2;23232
4552;2;45254
4553;2;67276
4554;2;89298
4555;2;112211
4556;1;12221
4557;1;23232
4558;1;34243
4559;1;45254
4560;1;9339
4561;2;25652
4562;2;47674
4563;2;69696
4564;20;8813200023188
4565;2;125521
4566;1;13431
4567;0;12221
4568;1;35453
4569;1;46464
4570;1;9559
4571;6;1136311
4572;3;99099
4573;4;475574
4574;8;88555588
4575;2;138831
4576;1;14641
4577;1;25652
4578;1;36663
4579;1;47674
4580;1;9779
4581;3;59895
4582;>10000k	?
4583;15;5233333325
4584;>10000k	?
4585;3;293392
4586;1;15851
4587;1;26862
4588;1;37873
4589;1;48884
4590;1;9999
4591;2;22022
4592;2;44044
4593;2;66066
4594;2;88088
4595;2;155551
4596;3;56265
4597;5;1136311
4598;4;497794
4599;2;99099
4600;0;4664
4601;0;5665
4602;0;6666
4603;0;7667
4604;0;8668
4605;0;9669
4606;5;233332
4607;11;52788725
4608;2;79497
4609;2;91619
4610;0;4774
4611;0;5775
4612;0;6776
4613;0;7777
4614;0;8778
4615;0;9779
4616;5;229922
4617;2;59895
4618;4;583385
4619;>10000k	?
4620;0;4884
4621;0;5885
4622;0;6886
4623;0;7887
4624;0;8888
4625;0;9889
4626;3;79497
4627;5;293392
4628;6;2786872
4629;6;12455421
4630;0;4994
4631;0;5995
4632;0;6996
4633;0;7997
4634;0;8998
4635;0;9999
4636;1;11011
4637;1;22022
4638;1;33033
4639;1;44044
4640;1;9119
4641;2;23232
4642;2;45254
4643;2;67276
4644;2;89298
4645;2;112211
4646;1;12221
4647;1;23232
4648;1;34243
4649;1;45254
4650;1;9339
4651;2;25652
4652;2;47674
4653;2;69696
4654;20;8813200023188
4655;2;125521
4656;1;13431
4657;0;12221
4658;1;35453
4659;1;46464
4660;1;9559
4661;6;1136311
4662;3;99099
4663;4;475574
4664;8;88555588
4665;2;138831
4666;1;14641
4667;1;25652
4668;1;36663
4669;1;47674
4670;1;9779
4671;3;59895
4672;>10000k	?
4673;15;5233333325
4674;>10000k	?
4675;3;293392
4676;1;15851
4677;1;26862
4678;1;37873
4679;1;48884
4680;1;9999
4681;2;22022
4682;2;44044
4683;2;66066
4684;2;88088
4685;2;155551
4686;3;56265
4687;5;1136311
4688;4;497794
4689;2;99099
4690;3;125521
4691;1;12221
4692;2;46464
4693;2;68486
4694;4;881188
4695;2;168861
4696;5;233332
4697;11;52788725
4698;2;79497
4699;2;91619
4700;0;4774
4701;0;5775
4702;0;6776
4703;0;7777
4704;0;8778
4705;0;9779
4706;5;229922
4707;2;59895
4708;4;583385
4709;>10000k	?
4710;0;4884
4711;0;5885
4712;0;6886
4713;0;7887
4714;0;8888
4715;0;9889
4716;3;79497
4717;5;293392
4718;6;2786872
4719;6;12455421
4720;0;4994
4721;0;5995
4722;0;6996
4723;0;7997
4724;0;8998
4725;0;9999
4726;1;11011
4727;1;22022
4728;1;33033
4729;1;44044
4730;1;9119
4731;2;23232
4732;2;45254
4733;2;67276
4734;2;89298
4735;2;112211
4736;1;12221
4737;1;23232
4738;1;34243
4739;1;45254
4740;1;9339
4741;2;25652
4742;2;47674
4743;2;69696
4744;20;8813200023188
4745;2;125521
4746;1;13431
4747;0;12221
4748;1;35453
4749;1;46464
4750;1;9559
4751;6;1136311
4752;3;99099
4753;4;475574
4754;8;88555588
4755;2;138831
4756;1;14641
4757;1;25652
4758;1;36663
4759;1;47674
4760;1;9779
4761;3;59895
4762;>10000k	?
4763;15;5233333325
4764;>10000k	?
4765;3;293392
4766;1;15851
4767;1;26862
4768;1;37873
4769;1;48884
4770;1;9999
4771;2;22022
4772;2;44044
4773;2;66066
4774;2;88088
4775;2;155551
4776;3;56265
4777;5;1136311
4778;4;497794
4779;2;99099
4780;3;125521
4781;1;12221
4782;2;46464
4783;2;68486
4784;4;881188
4785;2;168861
4786;5;233332
4787;11;52788725
4788;2;79497
4789;2;91619
4790;4;293392
4791;2;26862
4792;2;48884
4793;4;449944
4794;12;8836886388
4795;17;89540004598
4796;5;229922
4797;2;59895
4798;4;583385
4799;>10000k	?
4800;0;4884
4801;0;5885
4802;0;6886
4803;0;7887
4804;0;8888
4805;0;9889
4806;3;79497
4807;5;293392
4808;6;2786872
4809;6;12455421
4810;0;4994
4811;0;5995
4812;0;6996
4813;0;7997
4814;0;8998
4815;0;9999
4816;1;11011
4817;1;22022
4818;1;33033
4819;1;44044
4820;1;9119
4821;2;23232
4822;2;45254
4823;2;67276
4824;2;89298
4825;2;112211
4826;1;12221
4827;1;23232
4828;1;34243
4829;1;45254
4830;1;9339
4831;2;25652
4832;2;47674
4833;2;69696
4834;20;8813200023188
4835;2;125521
4836;1;13431
4837;0;12221
4838;1;35453
4839;1;46464
4840;1;9559
4841;6;1136311
4842;3;99099
4843;4;475574
4844;8;88555588
4845;2;138831
4846;1;14641
4847;1;25652
4848;1;36663
4849;1;47674
4850;1;9779
4851;3;59895
4852;>10000k	?
4853;15;5233333325
4854;>10000k	?
4855;3;293392
4856;1;15851
4857;1;26862
4858;1;37873
4859;1;48884
4860;1;9999
4861;2;22022
4862;2;44044
4863;2;66066
4864;2;88088
4865;2;155551
4866;3;56265
4867;5;1136311
4868;4;497794
4869;2;99099
4870;3;125521
4871;1;12221
4872;2;46464
4873;2;68486
4874;4;881188
4875;2;168861
4876;5;233332
4877;11;52788725
4878;2;79497
4879;2;91619
4880;4;293392
4881;2;26862
4882;2;48884
4883;4;449944
4884;12;8836886388
4885;17;89540004598
4886;5;229922
4887;2;59895
4888;4;583385
4889;>10000k	?
4890;3;168861
4891;12;52788725
4892;3;91619
4893;5;993399
4894;15;133697796331
4895;6;2322232
4896;3;79497
4897;5;293392
4898;6;2786872
4899;6;12455421
4900;0;4994
4901;0;5995
4902;0;6996
4903;0;7997
4904;0;8998
4905;0;9999
4906;1;11011
4907;1;22022
4908;1;33033
4909;1;44044
4910;1;9119
4911;2;23232
4912;2;45254
4913;2;67276
4914;2;89298
4915;2;112211
4916;1;12221
4917;1;23232
4918;1;34243
4919;1;45254
4920;1;9339
4921;2;25652
4922;2;47674
4923;2;69696
4924;20;8813200023188
4925;2;125521
4926;1;13431
4927;0;12221
4928;1;35453
4929;1;46464
4930;1;9559
4931;6;1136311
4932;3;99099
4933;4;475574
4934;8;88555588
4935;2;138831
4936;1;14641
4937;1;25652
4938;1;36663
4939;1;47674
4940;1;9779
4941;3;59895
4942;>10000k	?
4943;15;5233333325
4944;>10000k	?
4945;3;293392
4946;1;15851
4947;1;26862
4948;1;37873
4949;1;48884
4950;1;9999
4951;2;22022
4952;2;44044
4953;2;66066
4954;2;88088
4955;2;155551
4956;3;56265
4957;5;1136311
4958;4;497794
4959;2;99099
4960;3;125521
4961;1;12221
4962;2;46464
4963;2;68486
4964;4;881188
4965;2;168861
4966;5;233332
4967;11;52788725
4968;2;79497
4969;2;91619
4970;4;293392
4971;2;26862
4972;2;48884
4973;4;449944
4974;12;8836886388
4975;17;89540004598
4976;5;229922
4977;2;59895
4978;4;583385
4979;>10000k	?
4980;3;168861
4981;12;52788725
4982;3;91619
4983;5;993399
4984;15;133697796331
4985;6;2322232
4986;3;79497
4987;5;293392
4988;6;2786872
4989;6;12455421
4990;7;2322232
4991;6;293392
4992;7;12455421
4993;4;445544
4994;>10000k	?
4995;14;8939779398
4996;6;712217
4997;8;2322232
4998;4;579975
4999;6;16699661
